desc_abrev,descricao,sintomas,sintomas_mais
L๚pus,"<b>Doen\xe7a cr๓nica inflamat๓ria que afeta as defesas do organismo.</b><br/><br/>Isto significa que a doen\xe7a, que dura toda a vida, \xe9 causada por um mau funcionamento imunit\xe1rio que faz com que o corpo rejeite as suas pr๓prias c\xe9lulas.<br/>Como o sistema imunit\xe1rio engloba todo o corpo, os sintomas do l๚pus podem aparecer em qualquer ๓rg\xe3o.<br/>H\xe1 dois tipos de l๚pus: o l๚pus eritematoso sist\xe9mico, que pode atacar qualquer ๓rg\xe3o, e o l๚pus eritematoso cutโneo, que afeta essencialmente a pele.<br/>Afeta maioritariamente o sexo feminino, embora n\xe3o se deva afirmar que \xe9 uma doen\xe7a de mulheres - em m\xe9dia encontramos 9 doentes do sexo feminino para um do sexo masculino, em adultos. Em crian\xe7as e jovens, a propor\xe7\xe3o n\xe3o \xe9 t\xe3o nํtida.","|1, 10, 196, 2, 74, 117, 197, 198, 199, 202|","|1, 197, 202|"
Hipotireoidismo,"<b>Produ\xe7\xe3o insuficiente de hormonas tiroideias.</b><br/><br/>A tir๓ide desempenha um importante papel na regula\xe7\xe3o do metabolismo celular. O seu funcionamento deficit\xe1rio gera hipotiroidismo, uma doen\xe7a que pode comprometer o organismo.<br/>Trata-se de uma disfun\xe7\xe3o da glโndula tir๓ide que resulta da produ\xe7\xe3o insuficiente de hormonas tiroideias. Estas regulam o metabolismo celular, intervindo na frequ๊ncia cardํaca, na tens\xe3o arterial e na temperatura corporal. A sua car๊ncia pode afectar todas as fun\xe7๕es orgโnicas, daํ a necessidade de estar particularmente atento aos seus sintomas.<br/>As causas mais frequentes de hipotiroidismo s\xe3o a remo\xe7\xe3o cir๚rgica, parcial ou total, da tir๓ide, as doen\xe7as inflamat๓rias ou imunol๓gicas como as tiroidites (inflama\xe7\xe3o auto-imune da glโndula tiroidea que produz b๓cio) e o tratamento com iodo radioactivo. A utiliza\xe7\xe3o de certos medicamentos para o tratamento da depress\xe3o e das arritmias cardํacas. O hipotiroidismo pode, tamb\xe9m, derivar da escassez de iodo na alimenta\xe7\xe3o, j\xe1 que este mineral \xe9 indispens\xe1vel para a sํntese de hormonas tiroideias.","|1, 106, 108, 109, 73, 43, 100, 15, 114, 115, 116, 117, 118, 119|","|1, 106, 109, 73, 43, 15, 114, 117, 118, 119|"
Hipoglicemia,"<b>Baixo nํvel de a\xe7๚car (glicose) no sangue.</b><br/><br/>A hipoglicemia \xe9 uma concentra\xe7\xe3o de glicose (a\xe7๚car) no sangue anormalmente baixa (50-60 mg por 100 ml, quando o normal \xe9 70 a 110 mg/dl) e afecta sobretudo pessoas diab\xe9ticas que se tratam com insulina ou medicamentos hipoglicemiantes orais, para diminuir os nํveis de a\xe7๚car no sangue. Nos diab\xe9ticos, pode aparecer quando se administram doses elevadas de insulina ou medicamentos hipoglicemiantes, ao saltar uma refei\xe7\xe3o ou depois de realizarem exercํcio fํsico prolongado e intenso.<br/>Nas pessoas n\xe3o diab\xe9ticas, pode ser provocada por transtornos hep\xe1ticos, pelo consumo excessivo de \xe1lcool ou por um jejum prolongado.","|1, 12, 14, 16, 41, 101, 107, 121, 160, 123, 100, 91, 184, 185|","|1, 101, 107, 123|"
Gripe,"<b>Doen\xe7a infecciosa aguda.</b><br/><br/>A gripe designa uma doen\xe7a infecciosa aguda produzida pelo vํrus influenza, que afecta sobretudo o sistema respirat๓rio, tanto nas vias superiores como nas inferiores.<br/>ภs vezes, o aparelho digestivo tamb\xe9m se v๊ implicado, surgindo alguns transtornos.<br/>Este vํrus tem a particularidade de ser de muito f\xe1cil muta\xe7\xe3o, pelo que as vacinas t๊m de ser reformuladas todos os anos.","|1, 2, 3, 227, 91, 32, 270, 271, 203, 131, 272, 225|","|1, 2, 3, 227, 91, 270, 271, 203, 131|"
Artrite reumat๓ide,"<b>Doen\xe7a articular inflamat๓ria.</b><br/><br/>\xc9 uma doen\xe7a reum\xe1tica inflamat๓ria que causa dor, edema (incha\xe7o), rigidez e perda de fun\xe7\xe3o nas articula\xe7๕es.<br/>\xc9 a forma mais comum de artrite e a sua causa \xe9 desconhecida.<br/>Sabe-se, no entanto, que o sistema imunit\xe1rio tem um papel importante no seu desenvolvimento.<br/>O Instituto Portugu๊s de Reumatologia (IPR) explica que ""existe uma resposta errada do sistema imunit\xe1rio, que reconhece as  pr๓prias c\xe9lulas como estranhas e ataca-as, causando uma resposta inflamat๓ria nas articula\xe7๕es e outros ๓rg\xe3os"". Esta doen\xe7a afeta entre 0,5 a 1% de popula\xe7\xe3o mundial. Em Portugal, estima-se que 40 mil pessoas sofram deste problema.<br/><br/>Os sintomas variam de pessoa para pessoa. Existe um grau vari\xe1vel de dor nas articula\xe7๕es (na maior parte sim\xe9trica e mais de manh\xe3) muitas vezes com edema ou incha\xe7o, calor e vermelhid\xe3o das articula\xe7๕es, sensa\xe7\xe3o de rigidez matinal (sentir-se enferrujado de manh\xe3) que dura mais de 30 minutos e sensa\xe7\xe3o de cansa\xe7o que muitas das vezes limita a atividade do doente.","|1, 2, 4, 7, 8, 9, 10, 72, 75|","|10, 72, 75|"
Tens\xe3o pr\xe9-menstrual,"<b>Sintomas que a mulher experimenta de uma a duas semanas antes da menstrua\xe7\xe3o.</b><br/><br/>Descoberta na d\xe9cada de 30, a tens\xe3o pr\xe9-menstrual (TMP), ou sํndrome pr\xe9-menstrual (SMP), \xe9 uma s\xe9rie de sintomas fํsicos, psicol๓gicos e emocionais que a mulher experimenta de uma a duas semanas antes da menstrua\xe7\xe3o. Esses sintomas desaparecem no primeiro dia de sangramento.","|1, 79, 80, 90, 91, 93, 96, 100, 112, 143, 166, 215, 247, 248, 249, 250, 251, 252|","|79, 80, 93, 247, 248, 250|"
Psorํase,"<b>Doen\xe7a inflamat๓ria da pele, benigna, cr\xf4nica.</b><br/><br/>Pode surgir repentinamente e desaparecer da mesma forma, mas na maioria dos casos, adquire caracter cr๓nico, com perํodos de melhoria e exacerba\xe7\xe3o.<br/>Les๕es vermelhas, espessas e descamativas na pele, assim se caracteriza a psorํase. ""Ataca"" inicialmente os cotovelos, joelhos, couro cabeludo e costas, podendo vir a espalhar-se por todo o corpo.<br/>Existem diversos tipos de psorํase, sendo a sua forma mais comum ""a psorํase em placas, ou vulgar, com manchas vermelhas e escamas que se v\xe3o soltando"". Esta doen\xe7a tem uma base gen\xe9tica e, por vezes, heredit\xe1ria que interage com factores desencadeantes de surtos.","|10, 125, 145, 149|","|10, 125, 145|"
Reumatismo,"<b>Reumatismo \xe9 o termo gen\xe9rico usado para designar o grupo de doen\xe7as que afeta principalmente articula\xe7๕es, ligamentos, tend๕es, m๚sculos e esqueleto, e provoca dores e restri\xe7๕es aos movimentos</b><br/><br/>As doen\xe7as reum\xe1ticas podem ser agrupadas em:<br/><b>Doen\xe7a reum\xe1tica degenerativa -</b> causada pelo desgaste das estruturas das articula\xe7๕es. A mais frequente \xe9 a artrose (ou osteartrite) que, em geral, aparece depois dos 50 anos de idade.<br/>Doen\xe7a reum\xe1tica infecciosa - provocada pela invas\xe3o de bact\xe9rias no interior da articula\xe7\xe3o. Exemplo \xe9 a artrite infecciosa.<br/><b>Doen\xe7a reum\xe1tica metab๓lica -</b> acontece por um dist๚rbio metab๓lico. O principal exemplo \xe9 a gota, doen\xe7a em que h\xe1 forma\xe7\xe3o de dep๓sitos de \xe1cido ๚rico nas articula\xe7๕es e tend๕es, consequ๊ncia de uma altera\xe7\xe3o no metabolismo dessa substโncia.<br/><b>Doen\xe7a reum\xe1tica p๓s-traum\xe1tica ou extra-articular -</b> caracteriza-se pela inflama\xe7\xe3o de estruturas vizinhas a uma articula\xe7\xe3o (tend\xe3o e ligamento, por exemplo). A tendinite e a fibromialgia est\xe3o incluํdas nesta classifica\xe7\xe3o.<br/><b>Doen\xe7a auto-imune -</b> \xe9 quando nosso sistema de defesa ataca o pr๓prio corpo promovendo uma inflama\xe7\xe3o e danos a alguns ๓rg\xe3os. S\xe3o doen\xe7as auto-imunes, por exemplo, a artrite reumat๓ide e o l๚pus. A febre reum\xe1tica, que afeta principalmente crian\xe7as, tamb\xe9m tem origem auto-imune, resposta do organismo a infec\xe7๕es de garganta provocadas por uma bact\xe9ria (estreptococo).","|10, 222, 223, 3, 140|","|10, 222, 223, 140|"
Anemia,"<b>Redu\xe7\xe3o do volume ou do n๚mero de gl๓bulos vermelhos no sangue.</b><br/><br/>Os gl๓bulos vermelhos (ou hem\xe1cias), um dos componentes do sangue, t๊m uma importante fun\xe7\xe3o: levar oxig๊nio e nutrientes เs c\xe9lulas do corpo. A cor do sangue deve-se a um pigmento - a hemoglobina - presente nos gl๓bulos vermelhos. Quando existe pouca hemoglobina, devido เ redu\xe7\xe3o do volume ou do n๚mero de gl๓bulos vermelhos, caracteriza-se por anemia. O termo anemia indica apenas baixo nํvel de hemoglobina circulante.","|11, 1, 12, 13, 14, 15, 17, 18, 19, 20, 21|","|1, 12, 19|"
Vertigem,"Na parte interna dos nossos ouvidos existe o sistema vestibular, um dos ๓rg\xe3os respons\xe1veis pelo equilํbrio do corpo. Ele possui um conjunto de cavidades (os labirintos) de onde saem as informa\xe7๕es para o c\xe9rebro. Se, por exemplo, viramos a cabe\xe7a, ocorrem movimentos nos labirintos dos dois ouvidos que servem para orientar o c\xe9rebro, mudar os olhos de posi\xe7\xe3o, manter o equilํbrio. Qualquer problema no labirinto poder\xe1 gerar o envio de informa\xe7๕es erradas ao c\xe9rebro (como a que nos estamos a movimentar, quando isso n\xe3o ocorre), o que provocar\xe1 altera\xe7๕es no equilํbrio e a tontura \xe9 o sintoma mais caracterํstico. Existem dois tipos de tontura: a rotat๓ria (vertigem) e a n\xe3o rotat๓ria. Na vertigem parece que tudo gira ao nosso redor ou que n๓s giramos. A tontura n\xe3o rotat๓ria caracteriza-se pela sensa\xe7\xe3o de desequilํbrio.","|130, 91, 192,  14, 255, 256|",|14|
Bronquite,"<b>Inflama\xe7\xe3o dos br\xf4nquios causada por uma infec\xe7\xe3o.</b><br/><br/>Na maior parte dos casos, tem uma evolu\xe7\xe3o benigna. Pode, no entanto, apresentar gravidade em pessoas mais velhas ou com afec\xe7๕es cardํacas ou pulmonares.<br/>Manifesta-se com maior frequ๊ncia no Inverno, devido a infec\xe7\xe3o vํral ou bacteriana. Tamb\xe9m pode ser causada por inala\xe7\xe3o de substโncias irritativas. Afecta especialmente fumadores e pessoas que sofrem de doen\xe7as cr๓nicas do aparelho respirat๓rio.<br/>Come\xe7a com os sintomas de uma constipa\xe7\xe3o comum como pingo no nariz, cansa\xe7o, dores nas costas e musculares, febre leve e inflama\xe7\xe3o da garganta. A tosse com expectora\xe7\xe3o amarela-esverdeada \xe9 um sinal do inํcio de uma bronquite.","|131, 113, 1, 2, 18, 58, 60, 61, 62|","|131, 113, 58|"
Faringite,"<b> Inflama\xe7\xe3o da faringe, que liga o nariz e a boca เ laringe e ao es๓fago.</b><br/><br/>O processo inflamat๓rio da faringe pode ser causado por infec\xe7๕es virais ou bacterianas, sendo as primeiras mais frequentes e menos graves.<br/>No entanto, em 10 a 30% dos casos, a faringite \xe9 causada pela bact\xe9ria estreptococo.<br/><b>Causas</b><br/>As mais comuns s\xe3o as infec\xe7๕es virais (constipa\xe7๕es, gripes e mononucleose), mas tamb\xe9m pode ser provocada por infec\xe7๕es bacterianas (pela bact\xe9ria estreptococos) e doen\xe7as sexualmente transmissํveis (por exemplo, gonorreia).","|131, 84, 2, 91|","|131, 84|"
Sinusite,"<b>Sinusite \xe9 a inflama\xe7\xe3o dos seios da face, cavidades ๓sseas presentes na face, ao redor do nariz, ma\xe7\xe3s do rosto e olhos.</b><br/><br/>\xc9 uma doen\xe7a que ocorre com frequ๊ncia e, muitas vezes, \xe9 confundida com gripe pela coincid๊ncia dos sintomas.","|134, 237, 238, 239, 2, 1, 203, 91, 3, 188|","|134, 237, 91, 188|"
Hemorr๓idas,"<b>Vasos sanguํneos dilatados e salientes no canal anal.</b><br/><br/>As hemorr๓idas s\xe3o vasos sanguํneos dilatados e salientes no canal anal, em redor do โnus (hemorr๓idas externas) ou dentro do โnus e na por\xe7\xe3o mais baixa do recto (hemorr๓idas internas).<br/>S\xe3o um problema muito frequente e afectam tanto homens como mulheres. Ainda que n\xe3o existam verdadeiros estudos de incid๊ncia, calcula-se que possam atingir entre 40 a 50% da popula\xe7\xe3o com mais de 50 anos.<br/>As causas principais para o seu aparecimento s\xe3o as perturba\xe7๕es do trโnsito intestinal, como por exemplo, a obstipa\xe7\xe3o e a diarreia.","|135, 136, 137, 138|","|135, 137, 138|"
Gonorreia,"<b>Infe\xe7\xe3o sexualmente transmissํvel.</b><br/><br/>A gonorreia \xe9 uma infe\xe7\xe3o sexualmente transmissํvel caracterizada clinicamente por exsuda\xe7\xe3o uretral, ou seja corrimento ou secre\xe7\xe3o que sai pela uretra, ap๓s um perํodo de incuba\xe7\xe3o de 2 a 5 dias. <br/>A secre\xe7\xe3o com p๚s \xe9 geralmente amarela-esverdeada e \xe9 de consist๊ncia e intensidade vari\xe1veis. Os homens apresentam outros sintomas como ardor e dor ao urinar, mas muitas mulheres podem ser assintom\xe1ticas ou apresentarem sintomas tardiamente como dor abdominal, hemorragia entre menstrua\xe7๕es ou dor nas rela\xe7๕es sexuais e ao urinar. ","|139, 186, 51, 143, 156|","|139, 186, 156|"
Ulsera g\xe1strica,"<b>\xc9 uma les\xe3o (ferida) na mucosa que reveste as paredes do est\xf4mago.</b><br/><br/>A primeira causa \xe9 a infec\xe7\xe3o por uma bact\xe9ria chamada Helicobacter Pylori, que debilita o revestimento mucoso que protege o est\xf4mago, fazendo com que o \xe1cido estomacal e a bact\xe9ria cheguem เ zona delicada que se encontra por baixo desse revestimento e formem uma chaga ou ๚lcera. A segunda causa \xe9 o uso continuado de \xe1cido acetilsalicํlico ou de medicamentos anti-inflamat๓rios, como o ibuprofeno.<br/>Esta les\xe3o causa mal-estar estomacal que aparece e desaparece durante v\xe1rios dias ou semanas. Surge entre duas a tr๊s horas depois de se comer ou a meio da noite, quando o est\xf4mago est\xe1 vazio. A dor \xe9 aliviada comendo ou tomando anti\xe1cidos.","|154, 155|","|154, 155|"
Hiperidrose,"<b>Transpira\xe7\xe3o constante e abundante. </b><br/><br/>A produ\xe7\xe3o de suor \xe9 um processo normal e saud\xe1vel. Quando a temperatura do corpo aumenta, ocorre um estํmulo das glโndulas que produzem o suor e cresce a transpira\xe7\xe3o que, ao evaporar-se, ajuda a arrefecer o corpo. Existe hiperidrose quando a transpira\xe7\xe3o \xe9 abundante, constante e n\xe3o se relaciona com o aumento da temperatura do corpo. M\xe3os, p\xe9s e axilas s\xe3o as regi๕es mais afetadas.","|157, 158, 159, 160, 103|","|160, 103|"
Hipertens\xe3o arterial,"<b>Elevada press\xe3o na parede arterial exercida pelo sangue.</b><br/><br/>Ao fazer subir a press\xe3o dentro das art\xe9rias, aumenta o risco de ocorr๊ncia de um AVC, insufici๊ncia cardํaca, enfarte do mioc\xe1rdio ou les๕es nos rins.<br/>A obesidade, a vida sedent\xe1ria, o stress, o consumo excessivo de \xe1lcool ou de sal s\xe3o os principais factores de risco. As doen\xe7as renais, as mudan\xe7as hormonais e o uso de contraceptivos orais, por outro lado, tamb\xe9m podem elevar a tens\xe3o.","|161, 162|","|161, 162|"
Enfarte do mioc\xe1rdio,"<b>Obstru\xe7\xe3o de um dos vasos sanguํneos do m๚sculo cardํaco.</b><br/><br/>Trata-se de uma urg๊ncia m\xe9dica em que parte do fluxo sanguํneo que chega ao cora\xe7\xe3o se v๊ reduzido ou interrompido, produzindo a destrui\xe7\xe3o (ou morte) do m๚sculo cardํaco (mioc\xe1rdio), por falta de oxig\xe9nio.<br/>O enfarte agudo do mioc\xe1rdio produz-se quando a obstru\xe7\xe3o de uma art\xe9ria coron\xe1ria restringe ou interrompe o fornecimento de sangue a uma regi\xe3o do cora\xe7\xe3o. Se o fornecimento for interrompido durante mais de uns minutos, o tecido cardํaco \xe9 destruํdo.","|17, 187, 14, 132, 130, 18, 144|","|17, 187|"
Infe\xe7\xe3o urin\xe1ria,"<b>Infe\xe7\xe3o do trato urin\xe1rio (ITU).</b><br/><br/> \xc9 uma infe\xe7\xe3o que pode surgir em qualquer parte do sistema urin\xe1rio, seja nos rins (pielonefrite), nos ureteres, na bexiga (cistite) ou na uretra (uretrite).","|186, 65, 189, 190, 67|","|186, 65, 67|"
Intolerโncia เ lactose,"<b>Incapacidade de digerir o a\xe7๚car do leite - a lactose.</b><br/><br/>Este problema ocorre quando o organismo n\xe3o tem suficiente lactase, uma enzima intestinal que decomp๕e a lactose em hidratos de carbono mais simples, para serem mais bem absorvidos pela corrente sanguํnea. Devido a essa defici๊ncia, a lactose n\xe3o digerida chega ao c๓lon, onde passa por um processo de fermenta\xe7\xe3o, produzindo \xe1cido l\xe1ctico e gases. Como muitas vezes intolerโncia, alergia e sensibilidade s\xe3o utilizados com a inten\xe7\xe3o de definir a mesma coisa, \xe9 importante esclarecer a diferen\xe7a entre os termos. A alergia \xe9 uma resposta do sistema imunol๓gico a algum componente do alimento; a intolerโncia \xe9 uma rea\xe7\xe3o adversa relacionada com a digest\xe3o ou o metabolismo, sem rela\xe7\xe3o com o sistem","|192, 191, 143, 130, 80|","|192, 191, 143, 80|"
Doen\xe7a de Crohn,"<b>Inflama\xe7\xe3o cr๓nica da parede intestinal.</b><br/><br/>Juntamente com a colite ulcerosa, constitui o grupo das chamadas ""doen\xe7as inflamat๓ria do intestino"", que afecta 10 mil portugueses, segundo dados da Associa\xe7\xe3o Portuguesa de Doen\xe7a Inflamat๓ria do Intestino (APDI).<br/>Embora possa afectar pessoas de qualquer idade, a doen\xe7a de Crohn \xe9 mais frequentemente diagnosticada em jovens adultos.<br/>Manifesta-se geralmente na por\xe7\xe3o mais baixa do intestino delgado (ํleo) e no intestino grosso, mas pode ocorrer em qualquer segmento do tracto gastrointestinal, deste a boca at\xe9 ao โnus.<br/>Trata-se de um problema que pode ser incapacitante, j\xe1 que se alternam perํodos de doen\xe7a activa com perํodos em que n\xe3o existem sintomas, n\xe3o sendo possํvel prever a ocorr๊ncia de nenhuma destas fases nem a sua dura\xe7\xe3o.<br/><br/><b>Causas</b><br/>Embora as causas da doen\xe7a de Crohn sejam desconhecidas, as investiga\xe7๕es cientํficas apontam para tr๊s possibilidades: disfun\xe7\xe3o do sistema imunit\xe1rio, infec\xe7\xe3o ou tipo de alimenta\xe7\xe3o.","|192, 79, 93, 10, 105, 111|","|192, 79, 111|"
Laringite,"<b>Inflama\xe7\xe3o da laringe (caixa vocal).</b><br/><br/>A laringite \xe9 uma inflama\xe7\xe3o da laringe (caixa vocal), habitualmente associada เ rouquid\xe3o ou เ perda de voz, e que, ocasionalmente, pode produzir obstru\xe7\xe3o das vias a\xe9reas.<br/>Trata-se de um problema que, quando tem origem viral, \xe9 muito frequente entre os 3 meses e os 3 anos de idade, com um pico de incid๊ncia entre os 6 e os 24 meses.","|193, 194, 195, 2, 170|","|193, 194, 170|"
Toxoplasmose,"<b>Infec\xe7\xe3o cr๓nica que frequentemente passa despercebida</b><br/>\xc9 uma infec\xe7\xe3o cr๓nica muito comum produzida pelo protozo\xe1rio Toxoplasma gondii, que normalmente passa despercebida เ maioria dos infectados, j\xe1 que o parasita se mant\xe9m inactivo dentro do corpo.<br/>No entanto, esta infec\xe7\xe3o pode ter consequ๊ncias graves para aqueles que t๊m o sistema imunol๓gico deprimido (doentes com sida, por exemplo) ou gr\xe1vidas. Pode ser causada pelo consumo de carne crua ou mal passada, manipula\xe7\xe3o de fezes de gato ou atrav\xe9s de transfus๕es de sangue.<br/>Durante a gravidez, a m\xe3e pode transmiti-la ao feto, o que pode dar origem a sequelas graves ap๓s o nascimento, tais como atraso mental, cegueira, paralisia cerebral e surdez.<br/>Na maioria dos casos, \xe9 uma infec\xe7\xe3o assintom\xe1tica. Quando se manifesta assemelha-se a uma gripe, ou seja, as pessoas infectadas podem ter febre, dores musculares e nas articula\xe7๕es, cansa\xe7o e dor de cabe\xe7a. A inflama\xe7\xe3o nos gโnglios linf\xe1ticos pode ser outro sintoma.<br/>Nos doentes com sistema imunol๓gico deprimido, pode causar danos no c\xe9rebro, na retina e noutros ๓rg\xe3os, ou seja, os doentes podem ter dores de cabe\xe7a fortes, problemas de vis\xe3o, diminui\xe7\xe3o da for\xe7a e da coordena\xe7\xe3o motora. Nas gr\xe1vidas, \xe9 usual provocar nascimentos prematuros.","|2, 10, 3, 1, 91, 25, 131|","|2, 10, 3, 1, 91, 131|"
C\xe1lculos renais,"<b>Substโncias quํmicas presentes na urina que se cristalizam formando c\xe1lculos,  ou ""pedras"".</b><br/><br/>Tamb\xe9m conhecidos por pedras nos rins, os c\xe1lculos renais s\xe3o formados principalmente nos rins por substโncias quํmicas presentes na urina que se cristalizam formando c\xe1lculos, ou ""pedras"". Eles variam muito de tamanho - podem ser min๚sculos como um gr\xe3o de areia ou, excepcionalmente, alcan\xe7arem a dimens\xe3o de uma bola de bilhar - e podem permanecer nos rins ou saํrem e caminharem pelo trato urin\xe1rio. Quando muito pequenos, s\xe3o eliminados pela urina sem complica\xe7๕es. Mas quando apresentam tamanhos maiores, h\xe1 riscos de bloquearem parcial ou totalmente a passagem da urina nos ureteres, na bexiga ou na uretra e provocarem muita dor, caracterizando uma c๓lica renal. Afetam mais os homens do que as mulheres e costumam aparecer mais de uma vez: estima-se que 50% das pessoas que tiveram uma crise voltar\xe3o a apresent\xe1-la no futuro. Os c\xe1lculos renais mais comuns (acima de 70% dos casos) s\xe3o formados por oxalato de c\xe1lcio. C\xe1lcio e oxalato chegam ao organismo com a alimenta\xe7\xe3o. As principais fontes de c\xe1lcio s\xe3o leite e derivados (queijos, iogurtes, manteiga etc.), enquanto o oxalato est\xe1 presente em alguns vegetais (espinafre, beterraba, cacau, feij\xe3o, amendoim, entre outros).","|2, 63, 130, 64, 65, 66, 67, 68|","|65, 66, 67, 68|"
Linfoma,"<b>O cancro que afeta o sistema linf\xe1tico.</b><br/><br/>Os linfomas s\xe3o cancros que se iniciam a partir da transforma\xe7\xe3o de um linf๓cito (um tipo de gl๓bulo branco) no sistema linf\xe1tico.<br/>Dependendo do grau de malignidade, os sintomas podem desenvolver-se quase de modo impercetํvel ou muito rapidamente. Os linfomas que se desenvolvem no sistema linf\xe1tico podem ser encontrados em qualquer parte do corpo onde os linf๓citos circulam. Podem ocorrer num gโnglio linf\xe1tico isolado, num grupo de gโnglios linf\xe1ticos ou em ๓rg\xe3os como est\xf4mago, intestino, ossos, pele. <br/>Os sintomas desta doen\xe7a n\xe3o s\xe3o exclusivos, uma vez que podem manifestar-se em muitas outras doen\xe7as, algumas menos graves, como uma gripe.","|201, 158, 2, 74|",|201|
Melanoma,"<b>Variante grave do cancro da pele que afecta os melan๓citos (c\xe9lulas que d\xe3o cor เ epiderme).</b><br/><br/>Se n\xe3o for detectado a tempo, pode ser mortal, j\xe1 que produz met\xe1stases noutros ๓rg\xe3os, espalhando-se atrav\xe9s do sangue ou do sistema linf\xe1tico.","|204, 205|","|204, 205|"
Mioma uterino,"<b>\xc9 o nome dado a n๓dulos benignos que se desenvolvem no ๚tero durante o perํodo reprodutivo.</b><br/><br/>Tamb\xe9m chamados de leiomiomas, podem provocar dores e sangramentos intensos. \xc9 um problema relativamente frequente que diminui com a menopausa e pode aumentar durante a gravidez.<br/>A sua maior incid๊ncia situa-se na faixa et\xe1ria entre os 40 e os 50 anos e s\xe3o tr๊s vezes mais frequentes nas mulheres de ra\xe7a negra. Desenvolvem-se a partir das c\xe9lulas musculares lisas do miom\xe9trio, a camada do ๚tero que envolve o endom\xe9trio, por\xe7\xe3o mais interior do org\xe3o. <br/>Consoante a sua localiza\xe7\xe3o, os miomas, podem denominar-se de subserosos, quando crescem para fora do ๚tero, intramurais, quando se desenvolvem na espessura da sua parede e submucosos, quando o crescimento se faz para dentro da cavidade uterina.<br/>Os miomas que se localizam dentro do ๚tero ou que estando na espessura da sua parede deformam a cavidade uterina, s\xe3o geralmente respons\xe1veis por hemorragias uterinas anormais muitas vezes abundantes. Na mulher jovem s\xe3o tamb\xe9m este tipo de miomas que podem causar infertilidade.<br/>Por outro lado os miomas que crescem para fora do ๚tero d\xe3o sobretudo sintomas de compress\xe3o de ๓rg\xe3os vizinhos e que se explicam pelo volume ocupado na cavidade abdominal. S\xe3o nestes casos frequentes, para al\xe9m de dores abdomino-p\xe9lvicas, problemas na mic\xe7\xe3o e dificuldades na defeca\xe7\xe3o. Por vezes o aumento do volume uterino devido เ presen\xe7a de m๚ltiplos miomas \xe9 compar\xe1vel ao que acontece numa gravidez de 20 ou mais semanas. ","|208, 211, 212, 214, 215, 51, 216, 217, 218|","|208, 214, 216, 217|"
Micose,"<b>Infe\xe7\xe3o causada por fungos.</b><br/><br/>Algumas vezes, podem ser confundidas com alergias ou outras doen\xe7as de pele. Ao alimentarem-se da gordura ou queratina presentes no corpo, os fungos desenvolvem-se ao encontrarem situa\xe7๕es propํcias, como alta humidade e calor, ou quando a imunidade da pessoa est\xe1 mais baixa. No primeiro caso, geralmente acontece de uma infec\xe7\xe3o externa. No segundo, mais raro e perigoso, a infesta\xe7\xe3o pode atingir ๓rg\xe3os internos e at\xe9 o sistema nervoso.","|209, 110|",|110|
Osteoporose,"<b>Diminui\xe7\xe3o da densidade ๓ssea.</b><br/><br/>A osteoporose \xe9 uma doen\xe7a esquel\xe9tica sist\xe9mica que se caracteriza pela diminui\xe7\xe3o da massa ๓ssea e por uma altera\xe7\xe3o da qualidade microestrutural do osso, levando a uma diminui\xe7\xe3o da resist๊ncia ๓ssea, que condiciona o aparecimento de fraturas por traumatismos de baixa energia.<br/>As fraturas mais frequentes ocorrem nas v\xe9rtebras dorsais e lombares, na extremidade distal do r\xe1dio e no f\xe9mur proximal.",|219|,|219|
Bruxismo,"<b>Um dist๚rbio que pode causar danos permanentes nos dentes, dores nos maxilares e nos ouvidos.</b><br/><br/>\xc9 o h\xe1bito inconsciente de ranger os dentes durante o sono, que \xe9 extremamente destrutivo para a arcada dent\xe1ria.<br/>Raspar a superfํcie dos dentes superiores contra a dos inferiores causa um desgaste do esmalte dent\xe1rio, alterando a oclus\xe3o e a posi\xe7\xe3o de repouso dos m๚sculos mandibulares. O bruxismo envolve movimentos semelhantes aos da mastiga\xe7\xe3o mas com longos perํodos de contrac\xe7\xe3o destes m๚sculos.","|22, 50, 55, 56, 59, 91|","|22, 50|"
Rinite,"<b>Significa literalmente inflama\xe7\xe3o da mucosa nasal.</b><br/><br/>Manifesta-se por obstru\xe7\xe3o nasal, rinorreia e espirros.<br/>As rinites constituem um conjunto de patologias que t๊m etiologia diversa, destacando-se a rinite al\xe9rgica e n\xe3o al\xe9rgica.<br/>A etiopatogenia da rinite al\xe9rgica \xe9 diferente da constipa\xe7\xe3o, apesar de, por vezes, se confundirem os sintomas. Trata-se de uma reac\xe7\xe3o de hipersensibilidade mediada por anticorpos IgE a um alerg\xe9nio.<br/>Existem dois tipos de rinite al\xe9rgica: sazonal ou perene (causada por agentes presentes o ano inteiro).<br/>Os sintomas apresentam algumas diferen\xe7as em rela\xe7\xe3o aos da constipa\xe7\xe3o. A rinorreia \xe9 geralmente aquosa, os espirros ocorrem em crises paroxํsticas agrupadas (em salva), prurido no nariz e no palato.<br/>O envolvimento ocular \xe9 tamb\xe9m bastante frequente, com sintomas de prurido, lacrimejo, fotofobia, vermelhid\xe3o.<br/>Das rinites n\xe3o al\xe9rgicas destacam-se a rinite vaso-motora, a gravํdica e a medicamentosa.<br/>As alergias podem revelar-se de v\xe1rias formas - febre dos fenos, rinite al\xe9rgica, asma e outras alergias respirat๓rias ou alergias cutโneas e alergias alimentares ou medicamentosas entre outras. Em muitos casos n\xe3o est\xe3o relacionadas com as \xe9pocas do ano.","|225, 226, 227, 228|","|225, 226, 228|"
Dermatite Seborr\xe9ica,"<b>Excesso de produ\xe7\xe3o de oleosidade pelas glโndulas seb\xe1ceas.</b><br/><br/>A dermatite seborreica carateriza-se pelo excesso de produ\xe7\xe3o de oleosidade pelas glโndulas seb\xe1ceas associado เ presen\xe7a de um fungo (Pityrosporum ovale). As manifesta\xe7๕es mais frequentes ocorrem no couro cabeludo, onde se verifica excesso de oleosidade, placas de caspa e prurido. A intensidade destes sintomas \xe9 vari\xe1vel. A face tamb\xe9m pode ser afetada com les๕es avermelhadas e descama\xe7\xe3o gordurosa. A dermatite seborreica \xe9 um problema cr๓nico, que pode ser minimizada pela utiliza\xe7\xe3o de cuidados di\xe1rios.",|229|,|229|
Tendinite,"<b>\xc9 a inflama\xe7\xe3o de um tend\xe3o, estrutura flexํvel e fibrosa que liga um m๚sculo a um osso ou um m๚sculo a outro m๚sculo.</b><br/><br/>Os tend๕es t๊m diversos tamanhos e formatos: alguns s\xe3o bem pequenos (os que permitem dobrar os dedos da m\xe3o, por exemplo), enquanto outros s\xe3o grandes, como os do tornozelo (tend\xe3o de aquiles). As tendinites mais frequentes ocorrem nos ombros, cotovelos, extensores do punho, joelhos e tornozelos.","|241, 244, 245, 246, 196|","|241, 244, 196|"
Rub\xe9ola,"<b>Doen\xe7a infecciosa normalmente benigna.</b><br/><br/>Doen\xe7a infecciosa causada por vํrus (classificado como um togavirus do g๊nero Rubivirus), que acomete crian\xe7as e adultos, embora esteja entre as que os m\xe9dicos comumente denominam como pr๓prias da infโncia. Trata-se de doen\xe7a comumente benigna que cursa com febre, ""rash"" (manchas tipo ""urtic\xe1ria"" na pele) que dura aproximadamente 3 dias e aumento de gโnglios linf\xe1ticos (linfonodomegalias para os m\xe9dicos e ํnguas para os leigos) embora possa apresentar-se de forma ""subclํnica"" (quando o paciente praticamente n\xe3o sente nada). Pode tornar-se potencialmente grave quando acomete mulheres gr\xe1vidas, pois pode causar mal-forma\xe7๕es no feto, sobretudo quando contamina gestantes no primeiro trimestre. Raramente pode ser causa de inflama\xe7\xe3o em articula\xe7๕es (artrite) em adultos. Outra designa\xe7\xe3o que os m\xe9dicos comumente usam para doen\xe7as virais que causam manchas na pele como a rub\xe9ola \xe9 de viroses exantem\xe1ticas (que causam exantema que \xe9 a express\xe3o m\xe9dica para designar as manchas da pele).","|242, 243, 2, 19|","|242, 243|"
Torcicolo,"<b>Contratura num m๚sculo do pesco\xe7o, que faz com que os movimentos da cabe\xe7a se tornem dolorosos e limitados.</b><br/><br/>Esta \xe9 a forma mais frequente de torcicolo (chamado de repentino ou intermitente), mas existe tamb\xe9m o torcicolo cong\xe9nito, em que o beb\xe9 j\xe1 nasce com o problema, geralmente causado pela contratura do m๚sculo durante o parto.","|253, 254|","|253, 254|"
Varizes,"<b>Dilata\xe7\xe3o anormal das veias.</b><br/><br/>A cada batimento, o cora\xe7\xe3o bombeia sangue para todas as partes do corpo por meio das art\xe9rias. Esse sangue volta para o cora\xe7\xe3o por meio das veias, completando a circula\xe7\xe3o sanguํnea. Como bombear sangue at\xe9 as pernas e p\xe9s \xe9 f\xe1cil, a natureza criou um mecanismo para facilitar o retorno do sangue das pernas e p\xe9s at\xe9 o cora\xe7\xe3o: as v\xe1lvulas venosas, estruturas delicadas, por\xe9m resistentes, que se abrem para o sangue subir e depois se fecham para n\xe3o permitir que ele retorne. No entanto, diversos fatores podem determinar ou provocar o mau funcionamento das v\xe1lvulas venosas nalgumas pessoas - as veias podem perder a elasticidade e apresentar dilata\xe7\xe3o, impedindo as v\xe1lvulas de se fecharem de forma eficiente. Quando isso acontece, o sangue desce e fica parado dentro das veias, o que por sua vez provoca mais dilata\xe7\xe3o e mais refluxo. \xc9 justamente essa dilata\xe7\xe3o anormal das veias que leva เ forma\xe7\xe3o das varizes.","|263, 264, 265, 266, 267, 268, 269|","|263, 268|"
Parkinson,"<b>Doen\xe7a que causa dist๚rbios no movimento do corpo.</b><br/><br/>Doen\xe7a do sistema nervoso central que causa dist๚rbios no movimento do corpo - como tremores involunt\xe1rios, rigidez muscular, lentid\xe3o, m\xe1 postura e dificuldade ao andar - Parkinson \xe9 consequ๊ncia da morte gradual de c\xe9lulas de determinada parte do c\xe9rebro chamada ""substโncia negra"". Sem elas, o corpo n\xe3o consegue produzir dopamina, o que limita a capacidade da pessoa de coordenar a tens\xe3o e movimento dos m๚sculos quando est\xe3o relaxados ou mesmo em atividade. At\xe9 agora, a comunidade m\xe9dica n\xe3o descobriu porque certas pessoas desenvolvem Parkinson e outras n\xe3o. A gen\xe9tica \xe9 complexa e a influ๊ncia do hist๓rico familiar depende de quando a doen\xe7a apareceu. Uma pessoa com parentes que desenvolveram Parkinson na juventude correm um risco maior de ter a doen\xe7a, mas isso n\xe3o acontece se o membro da famํlia era mais velho quando foi diagnosticado.","|29, 141, 163, 164, 165, 166, 167, 169, 170|","|141, 163, 165, 167|"
Alzheimer,"<b>Processo progressivo que leva เ destrui\xe7\xe3o dos neur๓nios.</b><br/><br/>A doen\xe7a de Alzheimer tem esse nome porque foi descrita pelo neurologista alem\xe3o Alois Alzheimer, em 1906, a partir de observa\xe7๕es do c\xe9rebro de uma mulher que havia morrido com dem๊ncia. Trata-se de um processo progressivo que leva เ destrui\xe7\xe3o dos neur๓nios, principalmente aqueles que participam de fun\xe7๕es relacionadas com a mem๓ria e capacidade de aprendizagem. Inicialmente, a lembran\xe7a de factos recentes \xe9 a mais prejudicada: a pessoa n\xe3o se recorda com clareza da conversa de ontem, erra caminhos que fazia com facilidade, n\xe3o consegue dizer o que comeu no dia anterior. Gradualmente, outras fun\xe7๕es intelectuais s\xe3o afetadas, mas essas altera\xe7๕es diferem de pessoa para pessoa. Nos est\xe1gios mais avan\xe7ados, o paciente com Alzheimer perde sua habilidade para as atividades da vida di\xe1ria. A doen\xe7a \xe9 a forma mais frequente de dem๊ncia (deteriora\xe7\xe3o dos processos de mem๓ria e pensamento) entre os idosos. A sua incid๊ncia cresce a partir dos 65 anos de idade e estima-se que 50% das pessoas com mais de 85 anos sofrem da doen\xe7a, mais mulheres do que homens.","|35, 36, 37|","|35, 36, 37|"
Anorexia nervosa,"<b>Dist๚rbio alimentar que leva a um estado de subnutri\xe7\xe3o.</b><br/><br/>\xc9 um dist๚rbio alimentar que afeta principalmente mulheres na faixa de idade entre 12 e 21 anos. A pessoa que sofre de anorexia nervosa (que \xe9 denominada anor\xe9xica ou anor\xe9tica) acha que se comer poder\xe1 engordar e, por isso, recusa-se a alimentar-se normalmente. Isso pode levar a um estado de subnutri\xe7\xe3o com consequ๊ncias graves.","|38, 39, 40, 41, 42, 43, 44, 45, 46, 47, 48|","|39, 40, 45|"
Febre reum\xe1tica,"<b>Doen\xe7a autoimune.</b><br/><br/>Febre reum\xe1tica \xe9 uma doen\xe7a autoimune que pode ocorrer depois de uma infec\xe7\xe3o de garganta provocada pelo Streptococos \xdf-hemolํtico do grupo A, uma bact\xe9ria conhecida por causar amigdalite. Ela acomete preferencialmente crian\xe7as e adolescentes e causa les๕es inflamat๓rias nos tecidos conjuntivos, especialmente do cora\xe7\xe3o, articula\xe7๕es, sistema nervoso central, pele e tecidos subcutโneos.","|4, 146, 147, 148, 149, 2, 10, 150, 151|","|4, 146, 147, 148, 149|"
Sํndrome dos ov\xe1rios policํsticos,"<b>Pequenos quistos nos ov\xe1rios.</b><br/><br/>Estrogenio e progesterona s\xe3o as hormonas femininas produzidas pelos ov\xe1rios, respons\xe1veis pelo ciclo menstrual. Uma terceira hormona - masculina - tamb\xe9m \xe9 produzida pelos ov\xe1rios, normalmente em quantidade menor, \xe9 a testosterona. No entanto, por volta de 4% a 7% das mulheres em idade f\xe9rtil produzem muita testosterona nos seus ov\xe1rios, o que leva a um problema chamado sํndrome dos ov\xe1rios poliquํsticos (SOP). A SOP \xe9 uma doen\xe7a na qual h\xe1 um desequilํbrio nas hormonas sexuais femininos. Esse desequilํbrio hormonal pode causar altera\xe7๕es no ciclo menstrual, altera\xe7๕es na pele, pequenos quistos nos ov\xe1rios, dificuldade em engravidar e outros problemas.","|40, 230, 231, 104, 232, 233, 234, 235, 236, 257|","|40, 230, 231, 232|"
Atrofia genital,"<b>Modifica\xe7\xe3o da vagina.</b><br/><br/>Atrofia genital \xe9, na verdade, uma modifica\xe7\xe3o da vagina que acontece quando h\xe1 uma queda significativa nos nํveis de estrog\xe9nio.<br/>O estrog\xe9nio \xe9 uma hormona feminina, produzida pelos ov\xe1rios e que tem papel importante na manuten\xe7\xe3o da lubrifica\xe7\xe3o e sa๚de dos tecidos vaginais. Quando seus nํveis est\xe3o baixos, esses tecidos tornam-se atrofiados - finos, secos e retraํdos. A causa mais comum para a diminui\xe7\xe3o do estrog\xe9nio \xe9 a menopausa.","|49, 86, 51, 52|",
Depress\xe3o,"<b>Sentimentos de tristeza, ira e frustra\xe7\xe3o caracterizam esta doen\xe7a psํquica.</b><br/><br/>Sabe-se que a depress\xe3o \xe9 uma doen\xe7a que se caracteriza por altera\xe7๕es no humor e pela perda de prazer em atividades antes prazerosas.<br/>Tristeza \xe9 uma sensa\xe7\xe3o que acontece para a maioria das pessoas e pode ser considerada normal, desde que tenha curta dura\xe7\xe3o e possa ser explicada (por exemplo, pela morte de um parente ou de um amigo). Mas quando a tristeza \xe9 acompanhada de perda de interesse ou de prazer pelas atividades do dia a dia, aumento ou diminui\xe7\xe3o do apetite e/ou do sono, perda de energia e de interesse sexual, sensa\xe7\xe3o de culpa, dificuldade em se concentrar, tend๊ncia ao isolamento, pensamentos recorrentes de suicํdio, muito provavelmente existe um quadro de depress\xe3o, uma doen\xe7a que \xe9 duas vezes mais frequente nas mulheres.<br/>Diferentemente do estado de tristeza (comum a todos em determinados momentos da vida), a depress\xe3o \xe9 um problema de origem neurol๓gica que apresenta, al\xe9m de tristeza profunda, uma s\xe9rie de outros sintomas.","|5, 83, 19, 89, 90, 91, 93, 94, 95, 47, 96, 97|","|5, 83, 95, 47, 96, 97|"
Cancro do colo do ๚tero,"<b>\xc9 dos cancros que mais afetam os ๓rg\xe3os reprodutores femininos.</b><br/><br/>O c\xe9rvix, c\xe9rvice ou colo do ๚tero, \xe9 a parte do ๚tero que liga a parte superior da vagina a parte inferior do corpo do ๚tero.<br/>Durante a menstrua\xe7\xe3o, o sangue flui do ๚tero e chega at\xe9 a vagina pelo canal cervical, que \xe9 flexํvel o suficiente para permitir uma larga dilata\xe7\xe3o durante o parto, dando passagem ao beb๊.","|51, 52, 76, 77, 78, 79|","|52, 77, 78|"
Amenorreia,<b>Aus๊ncia de menstrua\xe7\xe3o.</b><br/><br/>Pode ser classificada em prim\xe1ria ou secund\xe1ria. A Amenorreia prim\xe1ria define a aus๊ncia de menarca e a amenorreia secund\xe1ria define-se por falta de menstrua\xe7\xe3o por 3 ciclos consecutivos ou 6 meses em mulheres que j\xe1 apresentaram ciclo normal.,"|53, 40|","|53, 40|"
Anovula\xe7\xe3o,"<b>Condi\xe7\xe3o na qual o ov\xe1rio n\xe3o liberta um ๓vulo todos os meses.</b><br/><br/>Se o ๓vulo n\xe3o atravessa a trompa em dire\xe7\xe3o ao ๚tero, a mulher n\xe3o pode engravidar. Dessa forma, a anovula\xe7\xe3o \xe9 o principal fator de infertilidade.","|53, 54, 40|","|53, 54|"
Acne,"<b>Problema de pele que pode apresentar v\xe1rias formas.</b><br/><br/>A acne \xe9 caracterizada pelo aumento de secre\xe7\xe3o de sebo pelas glโndulas seb\xe1ceas, em conjunto com a acumula\xe7\xe3o de c\xe9lulas mortas no orifํcio do folํculo pilosseb\xe1ceo, obstruindo o poro da pele. A acumula\xe7\xe3o  de sebo liberta algumas substโncias que irritam a pele, causando inflama\xe7\xe3o, e \xe9 um meio propํcio para as bact\xe9rias se desenvolverem - nomeadamente, a Propionibacterium acnes.<br/>As les๕es da acne surgem, na maioria dos casos, no rosto. Surgem tamb\xe9m, com menor frequ๊ncia, nas costas, peito, ombros e bra\xe7os.",|57|,|57|
Fogachos,"<b>Sensa\xe7\xe3o de intenso calor com suores.</b><br/><br/>Ondas de calor (mais conhecidas por fogachos) est\xe3o entre os principais sintomas das fases pr๓ximas da menopausa, afetando aproximadamente oito em cada dez mulheres. Para a maioria das mulheres, a menopausa natural ocorre por volta dos 50 anos, mas j\xe1 a partir dos 45 anos os ciclos menstruais e a ovula\xe7\xe3o tornam-se progressivamente irregulares, at\xe9 que cessam por completo. A intensidade dos sintomas e sinais, o momento em que aparecem ou desaparecem variam muito. A queixa mais frequente nessa fase refere-se aos fogachos, normalmente descritos como uma sensa\xe7\xe3o de intenso calor com suores e aumento da frequ๊ncia cardํaca que pode durar de dois a trinta minutos em cada ocorr๊ncia. Al\xe9m do calor, a mulher pode suar muito. A pele, especialmente na cabe\xe7a e no pesco\xe7o, torna-se quente e vermelha. \xc9 comum surgirem perturba\xe7๕es intensas do sono quando os calores e suores acontecem เ noite.","|6, 132, 17, 133|","|6, 17, 133|"
Nevralgia do trig\xe9mio,"<b>Problema neurol๓gico que provoca dores intensas.</b><br/><br/>Tamb\xe9m conhecido como tique doloroso, \xe9 um problema neurol๓gico que  afecta o nervo que transmite as sensa\xe7๕es do rosto ao c\xe9rebro, provocando dores intensas.<br/>Consiste numa disfun\xe7\xe3o do nervo trig\xe9mio (nervo craniano V), respons\xe1vel por conduzir a informa\xe7\xe3o da sensibilidade da face at\xe9 ao c\xe9rebro.<br/>Caracteriza-se por crises de dor que afectam toda a zona do rosto inervada pelo nervo ou, na maioria dos casos, apenas na \xe1rea correspondente a algum dos seus ramos. A causa \xe9 desconhecida mas o problema \xe9 frequentemente ligado เ compress\xe3o vascular da raiz do nervo trig\xe9mio. Por vezes surge como consequ๊ncia de uma art\xe9ria que, ao passar por um trajecto an๓malo, comprime o nervo adjacente ao c\xe9rebro, provocando a sua irrita\xe7\xe3o.<br/><br/>Provoca epis๓dios de dor muito forte no rosto, que podem durar alguns segundos ou v\xe1rios minutos. A dor pode aparecer espontaneamente ou ser desencadeada quando se toca num determinando ponto (ponto desencadeante), manifestando-se de forma intensa e repetida (guinadas) na metade inferior do rosto. Na maioria das vezes, a dor incide na zona da ma\xe7\xe3 do rosto pr๓xima do nariz ou na \xe1rea da mandํbula. As crises de dor podem repetir-se at\xe9 cem vezes por dia, chegando a determinar uma incapacidade total.",|69|,|69|
Paramiloidose,"<b>Conhecida como a ""doen\xe7a dos pezinhos"".</b><br/><br/>A paramiloidose \xe9 uma doen\xe7a rara que foi inicialmente descoberta em Portugal (onde afecta 1500 pessoas) e descrita cientificamente nos anos 50.<br/>O seu nome correcto \xe9 polineuropatia amiloid๓tica familiar (PAF), ou paramiloidose, mas \xe9 mais conhecida como doen\xe7a dos pezinhos porque afecta inicialmente os membros inferiores.<br/>Esta doen\xe7a \xe9 causada pela altera\xe7\xe3o da estrutura de uma proteํna produzida essencialmente pelo fํgado,  a transtirretina. Sendo uma doen\xe7a heredit\xe1ria, desde o nascimento que os indivํduos em risco de desenvolver a doen\xe7a apresentam uma muta\xe7\xe3o nesta proteํna, que se forma a partir da troca de um amino\xe1cido por outro, levando เ deposi\xe7\xe3o de agregados proteicos nos nervos, respons\xe1veis pelos danos. A probabilidade dos descendentes de uma pessoa com paramiloidose serem portadores da doen\xe7a \xe9 de 50%.<br/><br/>O sintomas caracrerizam-se por sensa\xe7\xe3o de formigueiro e adormecimento dos p\xe9s e pernas, acessos de dor repentina e perda de sensibilidade aos estํmulos (dor, frio, calor?). Ap๓s estas manifesta\xe7๕es iniciais, o doente passa a ter problemas digestivos, diarreias e perturba\xe7๕es tamb\xe9m nos membros superiores. A atrofia muscular acaba por impedir o doente de andar.","|70, 71, 82|","|70, 71|"
Pancreatite,"<b>Doen\xe7a inflamat๓ria aguda do pโncreas.</b><br/><br/>A pancreatite consiste numa doen\xe7a inflamat๓ria aguda ou cr๓nica que pode levar เ destrui\xe7\xe3o progressiva do pโncreas, um pequeno ๓rg\xe3o fundamental nos processos digestivos.<br/>Esta inflama\xe7\xe3o s๚bita do pโncreas causada pela ativa\xe7\xe3o an๓mala das enzimas pancre\xe1ticas. A forma cr๓nica resulta de um processo evolutivo de destrui\xe7\xe3o do tecido pancre\xe1tico que leva a uma defici๊ncia cr๓nica na fun\xe7\xe3o pancre\xe1tica e a consequentes dist๚rbios pancre\xe1ticos.<br/>As duas causas mais frequentes s\xe3o a exist๊ncia de c\xe1lculos na vesํcula e/ou vias biliares e o consumo de \xe1lcool em excesso, o qual tem um efeito t๓xico nas c\xe9lulas pancre\xe1ticas. Certas doen\xe7as das vias biliares e fatores gen\xe9ticos podem tamb\xe9m estar na origem da pancreatite cr๓nica.","|79, 130, 64, 220, 17, 2, 181, 221|","|79, 130, 64|"
Gastrite,"<b>A gastrite \xe9 uma doen\xe7a inflamat๓ria que afeta a mucosa superficial da parede do est\xf4mago (chamada de mucosa g\xe1strica).</b><br/><br/>A forma aguda da gastrite ocorre repentinamente e costuma provocar n\xe1useas, queima\xe7\xe3o, dor ou desconforto na parte superior do abdome. A gastrite cr\xf4nica tem desenvolvimento gradual e seus sintomas, em geral, s\xe3o dores mais frequentes e sensa\xe7\xe3o de estar com o est\xf4mago cheio ap๓s poucas por\xe7๕es de alimento.","|79, 152, 153, 19, 130, 191, 144, 64|","|152, 19, 64|"
Cancro dos ov\xe1rios,"<b>Cancro nos ov\xe1rios, ๓rg\xe3os do aparelho reprodutor feminino respons\xe1vel pela produ\xe7\xe3o dos ๓vulos.</b><br/><br/>Este \xe9 um cancro pouco comum, representando cerca de 4% dos casos da doen\xe7a na mulher. No entanto, \xe9 um dos que provocam maior mortalidade porque, geralmente, ele s๓ \xe9 detetado em estado avan\xe7ado, quando j\xe1 se espalhou por outras partes do abdomen.","|79, 80, 65, 81, 82, 53, 77, 208|","|80, 77, 208|"
Candidํase,"<b>Doen\xe7a que afecta as zonas genitais da mulher ou do homem causada por um fungo que reside normalmente na pele e nos intestinos.</b><br/><br/>A candidํase \xe9 uma doen\xe7a causada pelo fungo ""Candida albicans"" e que ataca qualquer parte da pele humana. Ela assume particular importโncia clํnica em infe\xe7๕es da boca (candidํase oral), sendo chamada popularmente de sapinho (nesse caso n\xe3o trata-se de DST), em torno dos olhos (candidํase ocular) e mucosa vaginal benignas (candidํase vaginal).","|85, 86, 87, 88, 51|","|85, 86, 87|"
Acidente vascular cerebral (AVC),"<b>Interrup\xe7\xe3o da irriga\xe7\xe3o em algum local do c\xe9rebro.</b><br/><br/>Para executar as suas fun\xe7๕es, o c\xe9rebro \xe9 ""alimentado"" pelo sangue que circula atrav\xe9s dos vasos sanguํneos cerebrais.<br/>Acidente vascular cerebral (tamb\xe9m chamado de AVC ou derrame cerebral) \xe9 o nome dado quando h\xe1 interrup\xe7\xe3o da irriga\xe7\xe3o em algum local do c\xe9rebro. O AVC est\xe1 entre as tr๊s causas de maior mortalidade no mundo (juntamente com o cancro e as doen\xe7as cardiocirculat๓rias) e pode ser de dois tipos:<br/><br/><b>AVC isqu\xe9mico</b><br/>Isquemia significa interrup\xe7\xe3o da circula\xe7\xe3o sanguํnea por causa de um bloqueio num vaso. No AVC isqu\xe9mico, essa interrup\xe7\xe3o pode ser provocada por um trombo (co\xe1gulo sanguํneo) formado no pr๓prio local da interrup\xe7\xe3o ou por um co\xe1gulo formado em outro local do organismo e que, ao circular pela corrente sanguํnea, pode chegar ao c\xe9rebro e provocar isquemia.<br/><br/><b>AVC hemorr\xe1gico</b><br/>Neste caso ocorre ruptura num vaso e o sangue acumula-se ou espalha-se pelo c\xe9rebro.<br/><br/>O isqu\xe9mico \xe9 mais frequente e o hemorr\xe1gico, em geral, bem mais grave. O risco de um AVC cresce com a idade: estima-se que 75% deles acontecem depois dos 65 anos de idade e \xe9 a principal causa de danos เ capacidade das fun\xe7๕es normais de uma pessoa.","|91, 14, 23, 12, 24, 25, 26, 27, 28, 29, 30, 31, 32, 33, 34|","|91, 24, 26, 27, 28, 29, 30, 31|"
H\xe9rnia discal,"<b>Caracteriza-se por um deslocamento de um disco intervertebral que provoca a compress\xe3o das estruturas nervosas vizinhas.</b><br/><br/>O disco intervertebral \xe9 uma cartilagem situada entre as v\xe9rtebras da coluna, pelo qual passa a espinal medula, que tem a fun\xe7\xe3o de amortizar o choque entre os ossos vertebrais. O disco pode danificar-se por altera\xe7๕es degenerativas ou traumatismos provocados por excesso de peso, esfor\xe7os inadequados ou m\xe1 postura.<br/>Se a press\xe3o sobre a estrutura nervosa for d\xe9bil, o que sucede em certos casos, altera-se s๓ a sensibilidade, mas se for mais profunda \xe9 possํvel que se altere tamb\xe9m a fun\xe7\xe3o motora.<br/>Genericamente, manifesta-se com dor, inicialmente na regi\xe3o afectada e depois irradia noutras direc\xe7๕es. Se a les\xe3o se produzir nas v\xe9rtebras cervicais pode-se sentir dor nos ombros e bra\xe7os. Se for a nํvel lombar, o efeito manifesta-se nas pernas e nos p\xe9s. Em casos mais avan\xe7ados, pode desenvolver-se atrofia muscular.","|92, 127, 213, 215|",|92|
Hipertireoidismo,"<b>Produ\xe7\xe3o excessiva de hormonas tiroideias.</b><br/><br/>Esta \xe9 uma patologia causada pela hiperactividade da glโndula tir๓ide, que provoca uma produ\xe7\xe3o excessiva de hormonas tiroideias.<br/>Pode ser aguda (quando se produz durante um curto perํodo de tempo) ou cr๓nica (quando o problema se prolonga ao longo do tempo).<br/>Em 70 a 80% dos casos, deve-se a uma doen\xe7a auto-imune conhecida como doen\xe7a de Graves, um transtorno do sistema imunit\xe1rio que ataca a glโndula tir๓ide, causando uma produ\xe7\xe3o excessiva de hormonas.<br/>Afecta, sobretudo, mulheres adultas, apesar de tamb\xe9m poder afectar homens. Pode ser desencadeada pelo consumo de tabaco, por radia\xe7๕es no pesco\xe7o ou alguns vํrus.<br/>Existem outras causas que podem estar na origem do hipertiroidismo: tumores na glโndula tir๓ide ou nos ov\xe1rios e testํculos, inflama\xe7\xe3o da tir๓ide por infec\xe7\xe3o viral, e ingest\xe3o excessiva de iodo ou de hormonas tiroideias atrav\xe9s de alimentos ou suplementos.","|98, 120, 121, 122, 123, 124, 16, 74, 126, 21, 46, 117, 129|","|98, 121, 122, 123, 124, 126, 21|"
Diabetes,"<b>A diabetes \xe9 uma desordem no metabolismo dos alimentos que provoca elevados nํveis de a\xe7๚car (glicose) no sangue.</b><br/><br/>Enquanto a diabetes de tipo 1 aparece na infโncia, a de tipo 2 surge, tradicionalmente, na idade adulta.<br/>No entanto, nos ๚ltimos anos, t๊m aumentado os casos de diabetes tipo 2 em crian\xe7as, associados a estilos de vida sedent\xe1rios e alimenta\xe7\xe3o incorreta.<br/>De acordo com um estudo americano, 30% das crian\xe7as diab\xe9ticas sofrem de diabetes tipo 2.<br/><br/><b>Causas</b><br/>A diabetes tipo 1 deve-se เ escassa ou nula produ\xe7\xe3o de insulina por parte do pโncreas, que obriga o doente a injetar esta hormona para que a glicose da corrente sanguํnea possa chegar เs c\xe9lulas.<br/>A diabetes tipo 2 \xe9 causada por uma resist๊ncia do organismo เ a\xe7\xe3o da insulina devido เ obesidade, เ alimenta\xe7\xe3o incorreta ou เ falta de exercํcio.","|98, 99, 65, 1, 130, 101, 102, 64|","|98, 99, 101|"

